{"type":"RTBUFFER","bufferType":"DES","status":"ACTIVE","startOnServerBoot":"true","bufferConfig":{"strategy":"BUFFER","capacity":"100","dimensionSqueezeout":"false","dimensionCount":"1","validityCheck":"","dimensionId":"","filterHeartbeats":"","groupFields":{"schemaAttributes":[]},"includeDimension":"false"},"eventSchemaLocation":{"qname":"HelloDBP.HelloEvents.ThingEvent"},"jmsConfig":{"edaoConfigName":"desdefault","topic":"","filterPredicates":""},"apamaSettings":{"apamaResourceAliasDefinitionName":"","apamaScenario":""},"authenticationPassword":"","storageModel":"INMEMORY","pushSettings":{"name":"DEFAULT","throttlingType":"BY_TIME","throttlingMeasure":500,"hasThrottlingException":false,"throttlingExceptionType":"BY_TIME","throttlingExceptionMeasure":1,"pushSetType":"DATA_SET","purgeAfterPush":false},"bufferTypeForCastor":"DES","statusForCastor":"ACTIVE","storageModelForCastor":"INMEMORY","name":"ThingEvents"}