<?xml version="1.0" encoding="UTF-8" standalone="yes"?>
<services>
    <cloudstreamsCollectionKeys serviceName="WmCloudStreams.RestVS">
        <servicesKeys>
            <keyDetails collectionKey="HelloDBP.HelloCumulocity:createDevice" connectorServiceName="HelloDBP.HelloCumulocity:createDevice"/>
            <keyDetails collectionKey="HelloDBP.HelloCumulocity:deleteDevice" connectorServiceName="HelloDBP.HelloCumulocity:deleteDevice"/>
            <keyDetails collectionKey="HelloDBP.HelloCumulocity:listManagedObjects" connectorServiceName="HelloDBP.HelloCumulocity:listManagedObjects"/>
            <keyDetails collectionKey="HelloDBP.HelloCumulocity:updateDeviceHealth" connectorServiceName="HelloDBP.HelloCumulocity:updateDeviceHealth"/>
            <keyDetails collectionKey="HelloDBP.HelloCumulocity:updateDeviceName" connectorServiceName="HelloDBP.HelloCumulocity:updateDeviceName"/>
        </servicesKeys>
    </cloudstreamsCollectionKeys>
</services>
