{"fullReadAccessGranted":false,"fullWriteAccessGranted":false,"aclItemList":[{"guid":"6aab7316-677a-400f-a61b-3f01fc201ca3","type":"FREEFORM_DASHBOARD","authorizationList":[{"ownerId":"Administrator","ownerName":"name","ownerType":"USER","dataGuid":"6aab7316-677a-400f-a61b-3f01fc201ca3","dataType":"FREEFORM_DASHBOARD","accessRight":"EDIT"},{"ownerId":"Administrator","ownerName":"name","ownerType":"USER","dataGuid":"6aab7316-677a-400f-a61b-3f01fc201ca3","dataType":"FREEFORM_DASHBOARD","accessRight":"VIEW"}],"attributeMap":{"GRANTTOCOPY":"false","USESHAREDRIGHTS":"false","PUBLISH":"false","GRANTTOVIEW":"false"}}]}