[{"dataMappings":[{"columns":[{"name":"Id","type":"TEXT","round":false,"keepInResult":true},{"name":"Name","type":"TEXT","round":false,"keepInResult":true},{"name":"Account","type":"TEXT","round":false,"keepInResult":true},{"name":"Health","type":"NUMERIC","round":true,"precision":0,"keepInResult":true,"aggregation":{"type":"AVG"}}],"id":"2","manualFeed":null,"ppmConfiguration":null,"baseFeedName":"Feed mit Inputs","baseFeedId":"6aab7316-677a-400f-a61b-3f01fc201ca32-CD"},{"columns":[],"id":"3","manualFeed":null,"ppmConfiguration":null,"baseFeedName":"Feed mit Inputs"},{"columns":[{"name":"EventTime","type":"DATE","round":true,"precision":-1,"keepInResult":true},{"name":"Health","type":"NUMERIC","round":true,"precision":0,"keepInResult":true,"aggregation":{"type":"AVG"}},{"name":"Id","type":"TEXT","filter":{"conditions":[{"type":"textCondition","operator":"STRING_EQ","emptyValueComplied":true,"idx":0,"caseSensitive":false,"filterColumn":{"column":"Id","feedInputId":1}}],"operator":"AND","filterPolicy":"PASS"},"round":true,"precision":-1,"keepInResult":true}],"additionalFeedOperators":[],"id":"5","manualFeed":null,"ppmConfiguration":null,"baseFeedName":"Feed mit Inputs","baseFeedId":"6aab7316-677a-400f-a61b-3f01fc201ca35-CD"},{"columns":[{"name":"Health","type":"NUMERIC","newName":"Ave. Health","round":true,"precision":0,"keepInResult":true,"aggregation":{"type":"AVG"}},{"name":"Id","type":"TEXT","filter":{"conditions":[{"type":"textCondition","operator":"STRING_EQ","emptyValueComplied":true,"idx":0,"caseSensitive":false,"filterColumn":{"column":"Id","feedInputId":1}}],"operator":"AND","filterPolicy":"PASS"},"newName":"","round":false,"precision":"-1","keepInResult":false}],"id":"6","manualFeed":null,"ppmConfiguration":null,"baseFeedName":"Feed mit Inputs","baseFeedId":"6aab7316-677a-400f-a61b-3f01fc201ca36-CD"},{"columns":[{"name":"Time","type":"DATE","newName":"EventTime","round":false,"keepInResult":true},{"name":"EventKind","type":"TEXT","round":false,"keepInResult":true},{"name":"Health","type":"NUMERIC","round":true,"precision":0,"keepInResult":true,"aggregation":{"type":"NOAGGREGATION"}}],"id":"7","manualFeed":null,"ppmConfiguration":null,"baseFeedName":"Feed mit Inputs","baseFeedId":"6aab7316-677a-400f-a61b-3f01fc201ca37-CD"},{"columns":[{"name":"Id","type":"TEXT","filter":{"conditions":[{"type":"textCondition","operator":"STRING_EQ","emptyValueComplied":true,"idx":0,"caseSensitive":false,"filterColumn":{"column":"Id","feedInputId":1}}],"operator":"AND","filterPolicy":"PASS"},"round":false,"keepInResult":true},{"name":"Time","type":"DATE","round":false,"keepInResult":true},{"name":"Alert","type":"TEXT","round":false,"keepInResult":true}],"id":"8","manualFeed":null,"ppmConfiguration":null,"baseFeedName":"Feed mit Inputs","baseFeedId":"6aab7316-677a-400f-a61b-3f01fc201ca38-CD"}]},{"calculationDefinitionContainers":[{"calculationDefinition":{"operators":[],"outputOperator":{"type":"tcstoreSourceConnectorOperator","dataSourceAlias":"HelloTerracotta.Things","dynSqlStatement":{"value":"SELECT * FROM Things","type":"TEXT","idx":-1},"keyType":"STRING","sampleSize":"1000","columnConfig":[{"name":"RecordKey","cellName":"RecordKey","tcStoreType":"STRING","derivedColumn":true,"keyColumn":true},{"name":"Account","cellName":"Account","tcStoreType":"STRING","derivedColumn":true,"keyColumn":false},{"name":"Health","cellName":"Health","tcStoreType":"LONG","derivedColumn":true,"keyColumn":false},{"name":"Id","cellName":"Id","tcStoreType":"STRING","derivedColumn":true,"keyColumn":false},{"name":"Name","cellName":"Name","tcStoreType":"STRING","derivedColumn":true,"keyColumn":false},{"name":"Value","cellName":"Value","tcStoreType":"LONG","derivedColumn":true,"keyColumn":false}],"storeName":"Things","aliasName":"HelloTerracotta","aliasType":"TERRACOTTA_DB","encodeURL":false,"resourceLocationType":"FILESYSTEM","columnInfos":[{"idx":0,"type":"TEXT","originalName":"RecordKey","guessType":true,"originalDataType":"TEXT"},{"idx":1,"type":"TEXT","originalName":"Account","guessType":true,"originalDataType":"TEXT"},{"idx":2,"type":"NUMERIC","originalName":"Health","guessType":true,"originalDataType":"NUMERIC"},{"idx":3,"type":"TEXT","originalName":"Id","guessType":true,"originalDataType":"TEXT"},{"idx":4,"type":"TEXT","originalName":"Name","guessType":true,"originalDataType":"TEXT"},{"idx":5,"type":"NUMERIC","originalName":"Value","guessType":true,"originalDataType":"NUMERIC"}],"refreshIntervalScale":"SECOND","refreshInterval":15,"id":"1522273582466"},"id":"6aab7316-677a-400f-a61b-3f01fc201ca32-CD"},"calculationMetaInfo":{"name":"1522273582467","type":"FEED","changeDate":0,"searchRelevant":false,"ratingAverage":0.0,"ratingCount":0,"rowKey":{"keyValue":"6aab7316-677a-400f-a61b-3f01fc201ca32-CD"},"guid":"6aab7316-677a-400f-a61b-3f01fc201ca32-CD","tagsAsString":"","rowFamily":{"familyName":"MetaInfo"}},"calculationResultColumns":[{"name":"RecordKey","type":"TEXT","idx":0},{"name":"Account","type":"TEXT","idx":1},{"name":"Health","type":"NUMERIC","idx":2},{"name":"Id","type":"TEXT","idx":3},{"name":"Name","type":"TEXT","idx":4},{"name":"Value","type":"NUMERIC","idx":5}],"calculationInputs":[],"revision":0},{"calculationDefinition":{"operators":[{"type":"rtbsConnectorOperator","rtbsSourceAlias":"ThingEvents","aliasName":"ThingEvents","resourceLocationType":"URL","aliasType":"RTBUFFER","columnInfos":[{"idx":0,"type":"TEXT","originalName":"EventKind","guessType":true,"originalDataType":"TEXT"},{"idx":1,"type":"DATE","originalName":"EventTime","guessType":true,"originalDataType":"DATE"},{"idx":2,"type":"TEXT","originalName":"Id","guessType":true,"originalDataType":"TEXT"},{"idx":3,"type":"TEXT","originalName":"Name","guessType":true,"originalDataType":"TEXT"},{"idx":4,"type":"NUMERIC","originalName":"Health","guessType":true,"originalDataType":"NUMERIC"},{"idx":5,"type":"TEXT","originalName":"Account","guessType":true,"originalDataType":"TEXT"},{"idx":6,"type":"TEXT","originalName":"_guid","guessType":true,"originalDataType":"TEXT"},{"idx":7,"type":"TEXT","originalName":"_isData","guessType":true,"originalDataType":"TEXT"}],"refreshIntervalScale":"SECOND","refreshInterval":1,"id":"1522354060267"}],"outputOperator":{"type":"shiftDateOperator","sourceColumnName":"EventTime","targetColumnName":"EventTime","shiftUnit":"HOUR","shiftAmount":{"value":"2","type":"NUMERIC","idx":0},"shiftDirection":"PLUS","inputOperatorId":"1522354060267","id":"1522752108423"},"id":"6aab7316-677a-400f-a61b-3f01fc201ca35-CD"},"calculationMetaInfo":{"name":"1522354060268","type":"FEED","changeDate":0,"searchRelevant":false,"ratingAverage":0.0,"ratingCount":0,"rowKey":{"keyValue":"6aab7316-677a-400f-a61b-3f01fc201ca35-CD"},"guid":"6aab7316-677a-400f-a61b-3f01fc201ca35-CD","tagsAsString":"","rowFamily":{"familyName":"MetaInfo"}},"calculationResultColumns":[{"name":"EventKind","type":"TEXT","idx":0},{"name":"EventTime","type":"DATE","idx":1},{"name":"Id","type":"TEXT","idx":2},{"name":"Name","type":"TEXT","idx":3},{"name":"Health","type":"NUMERIC","idx":4},{"name":"Account","type":"TEXT","idx":5},{"name":"_guid","type":"TEXT","idx":6},{"name":"_isData","type":"TEXT","idx":7}],"calculationInputs":[],"revision":0},{"calculationDefinition":{"operators":[],"outputOperator":{"type":"rtbsConnectorOperator","rtbsSourceAlias":"ThingEvents","aliasName":"ThingEvents","resourceLocationType":"URL","aliasType":"RTBUFFER","columnInfos":[{"idx":0,"type":"TEXT","originalName":"EventKind","guessType":true,"originalDataType":"TEXT"},{"idx":1,"type":"DATE","originalName":"EventTime","guessType":true,"originalDataType":"DATE"},{"idx":2,"type":"TEXT","originalName":"Id","guessType":true,"originalDataType":"TEXT"},{"idx":3,"type":"TEXT","originalName":"Name","guessType":true,"originalDataType":"TEXT"},{"idx":4,"type":"NUMERIC","originalName":"Health","guessType":true,"originalDataType":"NUMERIC"},{"idx":5,"type":"TEXT","originalName":"Account","guessType":true,"originalDataType":"TEXT"},{"idx":6,"type":"TEXT","originalName":"_guid","guessType":true,"originalDataType":"TEXT"},{"idx":7,"type":"TEXT","originalName":"_isData","guessType":true,"originalDataType":"TEXT"}],"refreshIntervalScale":"SECOND","refreshInterval":1,"id":"1522354061432"},"id":"6aab7316-677a-400f-a61b-3f01fc201ca36-CD"},"calculationMetaInfo":{"name":"1522354061433","type":"FEED","changeDate":0,"searchRelevant":false,"ratingAverage":0.0,"ratingCount":0,"rowKey":{"keyValue":"6aab7316-677a-400f-a61b-3f01fc201ca36-CD"},"guid":"6aab7316-677a-400f-a61b-3f01fc201ca36-CD","tagsAsString":"","rowFamily":{"familyName":"MetaInfo"}},"calculationResultColumns":[{"name":"EventKind","type":"TEXT","idx":0},{"name":"EventTime","type":"DATE","idx":1},{"name":"Id","type":"TEXT","idx":2},{"name":"Name","type":"TEXT","idx":3},{"name":"Health","type":"NUMERIC","idx":4},{"name":"Account","type":"TEXT","idx":5},{"name":"_guid","type":"TEXT","idx":6},{"name":"_isData","type":"TEXT","idx":7}],"calculationInputs":[],"revision":0},{"calculationDefinition":{"operators":[{"type":"userInputOperator","debugValue":{"type":"text","value":"24515"},"id":"1522354062445","name":"Id","dataType":"TEXT"},{"type":"jsonConnectorOperator","repeatingElement":"?Events?*","columnConfig":"Account text locator='?Account',\nEventKind text locator='?EventKind',\nEventTime text locator='?EventTime',\nHealth number locator='?Health',\nId text locator='?Id',\nName text locator='?Name',\nTime number locator='?Time'","emmlCompatibleParsing":"false","charSet":"","password":"encrypted:IJ/wPagQtQFBZF7VQQnIhzvIzFT/JQ300d9dNRqCsuU=","userName":"Administrator","dynurl":{"value":"http://localhost:5555/restv2/HelloDBP/events/<user-input id=\"1522354062445\"></user-input>","type":"TEXT","idx":-1},"encodeURL":false,"resourceLocationType":"REST","httpHeaders":[{"name":"Accept","value":"application/json"}],"columnInfos":[{"idx":0,"type":"TEXT","originalName":"Account","guessType":true,"originalDataType":"TEXT"},{"idx":1,"type":"TEXT","originalName":"EventKind","guessType":true,"originalDataType":"TEXT"},{"idx":2,"type":"TEXT","originalName":"EventTime","guessType":true,"originalDataType":"TEXT"},{"idx":3,"type":"NUMERIC","originalName":"Health","guessType":true,"originalDataType":"NUMERIC"},{"idx":4,"type":"TEXT","originalName":"Id","guessType":true,"originalDataType":"TEXT"},{"idx":5,"type":"TEXT","originalName":"Name","guessType":true,"originalDataType":"TEXT"},{"idx":6,"type":"NUMERIC","originalName":"Time","guessType":true,"originalDataType":"NUMERIC"}],"refreshIntervalScale":"SECOND","refreshInterval":15,"id":"1522681433585"},{"type":"changeColumnTypeOperator","changeColumnTypeParams":[{"columnName":"Time","pattern":"1234","newType":"DATE","trailingZeros":"0","idx":-1}],"inputOperatorId":"1522681433585","id":"1522681435362"}],"outputOperator":{"type":"shiftDateOperator","sourceColumnName":"Time","targetColumnName":"Time","shiftUnit":"HOUR","shiftAmount":{"value":"6","type":"NUMERIC","idx":0},"shiftDirection":"PLUS","inputOperatorId":"1522681435362","id":"1523356032564"},"id":"6aab7316-677a-400f-a61b-3f01fc201ca37-CD"},"calculationMetaInfo":{"name":"1522681433724","type":"FEED","changeDate":0,"searchRelevant":false,"ratingAverage":0.0,"ratingCount":0,"rowKey":{"keyValue":"6aab7316-677a-400f-a61b-3f01fc201ca37-CD"},"guid":"6aab7316-677a-400f-a61b-3f01fc201ca37-CD","tagsAsString":"","rowFamily":{"familyName":"MetaInfo"}},"calculationResultColumns":[{"name":"Account","type":"TEXT","idx":0},{"name":"EventKind","type":"TEXT","idx":1},{"name":"EventTime","type":"TEXT","idx":2},{"name":"Health","type":"NUMERIC","idx":3},{"name":"Id","type":"TEXT","idx":4},{"name":"Name","type":"TEXT","idx":5},{"name":"Time","type":"DATE","idx":6}],"calculationInputs":[{"index":-1,"name":"Id","type":"TEXT","guid":"1522354062445"}],"revision":0},{"calculationDefinition":{"operators":[{"type":"rtbsConnectorOperator","rtbsSourceAlias":"ThingAlerts","aliasName":"ThingAlerts","resourceLocationType":"URL","aliasType":"RTBUFFER","columnInfos":[{"idx":0,"type":"TEXT","originalName":"Id","guessType":true,"originalDataType":"TEXT"},{"idx":1,"type":"TEXT","originalName":"Alert","guessType":true,"originalDataType":"TEXT"},{"idx":2,"type":"DATE","originalName":"Time","guessType":true,"originalDataType":"DATE"},{"idx":3,"type":"TEXT","originalName":"Severity","guessType":true,"originalDataType":"TEXT"},{"idx":4,"type":"TEXT","originalName":"_guid","guessType":true,"originalDataType":"TEXT"},{"idx":5,"type":"TEXT","originalName":"_isData","guessType":true,"originalDataType":"TEXT"}],"refreshIntervalScale":"SECOND","refreshInterval":1,"id":"1522354063281"}],"outputOperator":{"type":"shiftDateOperator","sourceColumnName":"Time","targetColumnName":"Time","shiftUnit":"HOUR","shiftAmount":{"value":"2","type":"NUMERIC","idx":0},"shiftDirection":"PLUS","inputOperatorId":"1522354063281","id":"1523356032830"},"id":"6aab7316-677a-400f-a61b-3f01fc201ca38-CD"},"calculationMetaInfo":{"name":"1522354063282","type":"FEED","changeDate":0,"searchRelevant":false,"ratingAverage":0.0,"ratingCount":0,"rowKey":{"keyValue":"6aab7316-677a-400f-a61b-3f01fc201ca38-CD"},"guid":"6aab7316-677a-400f-a61b-3f01fc201ca38-CD","tagsAsString":"","rowFamily":{"familyName":"MetaInfo"}},"calculationResultColumns":[{"name":"Id","type":"TEXT","idx":0},{"name":"Alert","type":"TEXT","idx":1},{"name":"Time","type":"DATE","idx":2},{"name":"Severity","type":"TEXT","idx":3},{"name":"_guid","type":"TEXT","idx":4},{"name":"_isData","type":"TEXT","idx":5}],"calculationInputs":[],"revision":0}]}]