{"revision":30,"properties":{"name":"HelloMashZone","author":"Administrator","description":"","tags":[],"gridSpace":10,"tabBarStatus":false},"isResponsive":true,"identifier":"6aab7316-677a-400f-a61b-3f01fc201ca3","cards":[{"identifier":"1","name":"Tab 1","active":true,"order":1,"backgroundColor":"#ffffff","isDefault":true,"cardExtIdentifier":"tab1","widgets":[{"identifier":"2","extIdentifier":"component2","itemType":"prestoGrid","globalWidgetMap":{},"title":"All Things","config":{"gridsterConfig":{"sizeX":2,"sizeY":2},"widgetInterface":{},"prestoGridCfg":{"shrinkToFit":true,"columns":[{"name":"Id","type":"TEXT","uniqueColumnId":"ffMultipleColumnDrop-1522273713666-9982962321116462","aggregation":"AVG","newName":"Id","baseTextAlign":"left","baseFontStyle":"normal","baseFontSize":"12","baseFontColour":"555555","styleTemplate":{"value":"cell-default","text":"Standard"},"headerStyleTemplate":{"value":"header-default","text":"Standard"},"currentTab":"text","thresholds":{"selectedThresholdObjKey":"backgroundThresholds"},"width":82},{"name":"Name","type":"TEXT","uniqueColumnId":"ffMultipleColumnDrop-1522273716842-02809767899699489","aggregation":"AVG","newName":"Name","baseTextAlign":"left","baseFontStyle":"normal","baseFontSize":"12","baseFontColour":"555555","styleTemplate":{"value":"cell-default","text":"Standard"},"headerStyleTemplate":{"value":"header-default","text":"Standard"},"currentTab":"text","thresholds":{"selectedThresholdObjKey":"backgroundThresholds"},"width":146},{"name":"Account","type":"TEXT","uniqueColumnId":"ffMultipleColumnDrop-1522273722743-2710242759187488","aggregation":"AVG","newName":"Account","baseTextAlign":"left","baseFontStyle":"normal","baseFontSize":"12","baseFontColour":"555555","styleTemplate":{"value":"cell-default","text":"Standard"},"headerStyleTemplate":{"value":"header-default","text":"Standard"},"currentTab":"text","thresholds":{"selectedThresholdObjKey":"backgroundThresholds"},"width":129},{"name":"Health","type":"NUMERIC","uniqueColumnId":"ffMultipleColumnDrop-1522273725917-8861263746246071","aggregation":"AVG","newName":"Health","baseTextAlign":"right","format":"1234","round":true,"baseFontStyle":"normal","baseFontSize":"12","baseFontColour":"555555","styleTemplate":{"value":"cell-default","text":"Standard"},"headerStyleTemplate":{"value":"header-default","text":"Standard"},"currentTab":"thresholds","thresholds":{"selectedThresholdObjKey":"backgroundThresholds","backgroundThresholds":{"visualizationType":"COLORING","thresholdList":[{"colour":"#F56B6C","rule":"LT","shape":{"id":"traffic_circle"},"value":{"value":"25"},"thresholdId":"threshold-1523049491462-12933847892783235"},{"colour":"#F8E759","rule":"LT","shape":{"id":"traffic_circle"},"value":{"value":"50"},"thresholdId":"threshold-1523049491462-9238325176614093"},{"colour":"#8CC653","rule":"GTEQ","shape":{"id":"traffic_circle"},"value":{"value":"50"},"thresholdId":"threshold-1523049491462-6574182953215414"}],"coloringProperties":{"type":"BACKGROUND"}}},"width":70}],"furtherColumns":[]},"autoRefresh":true},"position":[82,193],"width":360,"height":262,"minHeight":60,"minWidth":60,"zIndex":1,"calculationDefinitionContainer":{"calculationResultColumns":[{"name":"RecordKey","type":"TEXT","idx":0},{"name":"Account","type":"TEXT","idx":1},{"name":"Health","type":"NUMERIC","idx":2},{"name":"Id","type":"TEXT","idx":3},{"name":"Name","type":"TEXT","idx":4},{"name":"Value","type":"NUMERIC","idx":5}],"calculationDefinition":{"id":"6aab7316-677a-400f-a61b-3f01fc201ca32-CD","operators":[],"outputOperator":{"position":[100,100],"type":"tcstoreSourceConnectorOperator","id":"1522273582466","refreshInterval":15,"refreshIntervalScale":"SECOND","columnInfos":[{"type":"TEXT","originalName":"RecordKey","idx":0,"originalDataType":"TEXT","guessType":true},{"type":"TEXT","originalName":"Account","idx":1,"originalDataType":"TEXT","guessType":true},{"type":"NUMERIC","originalName":"Health","idx":2,"originalDataType":"NUMERIC","guessType":true},{"type":"TEXT","originalName":"Id","idx":3,"originalDataType":"TEXT","guessType":true},{"type":"TEXT","originalName":"Name","idx":4,"originalDataType":"TEXT","guessType":true},{"type":"NUMERIC","originalName":"Value","idx":5,"originalDataType":"NUMERIC","guessType":true}],"unusedColumnInfos":[],"dataSourceAlias":"HelloTerracotta.Things","storeName":"Things","unusedColumnConfig":[],"dynSqlStatement":{"value":"SELECT * FROM Things","type":"TEXT","untrimmed":null,"idx":-1},"sampleSize":1000,"resourceLocationType":"FILESYSTEM","columnConfig":[{"name":"RecordKey","cellName":"RecordKey","tcStoreType":"STRING","derivedColumn":true,"keyColumn":true},{"name":"Account","cellName":"Account","tcStoreType":"STRING","derivedColumn":true,"keyColumn":false},{"name":"Health","cellName":"Health","tcStoreType":"LONG","derivedColumn":true,"keyColumn":false},{"name":"Id","cellName":"Id","tcStoreType":"STRING","derivedColumn":true,"keyColumn":false},{"name":"Name","cellName":"Name","tcStoreType":"STRING","derivedColumn":true,"keyColumn":false},{"name":"Value","cellName":"Value","tcStoreType":"LONG","derivedColumn":true,"keyColumn":false}],"keyType":"STRING"}},"calculationMetaInfo":{"guid":"6aab7316-677a-400f-a61b-3f01fc201ca32-CD","name":1522273582467,"type":"FEED"},"calculationInputs":[]}},{"identifier":"3","extIdentifier":"component3","itemType":"label","globalWidgetMap":{},"title":"Label","config":{"gridsterConfig":{"sizeX":2,"sizeY":2},"widgetInterface":{},"labelCfg":{"value":"<p align=\"center\" ><label-header1>Thing Central</label-header1></p>"}},"position":[309,65],"width":200,"height":25,"minHeight":20,"minWidth":20,"zIndex":2,"hideBorder":true,"hideHeader":true},{"identifier":"4","extIdentifier":"component4","itemType":"groupWidget","globalWidgetMap":{},"title":"Layout group","config":{"gridsterConfig":{"sizeX":2,"sizeY":2}},"position":[582,190],"width":200,"height":150,"minHeight":60,"minWidth":60,"zIndex":3,"hideBorder":true,"hideHeader":true},{"identifier":"5","extIdentifier":"component5","itemType":"chart","globalWidgetMap":{},"title":"Recent Health","config":{"type":"line","chartDefinition":{"feedMapping":{"valueAxes":[{"valueAxes":[{"column":{"round":true,"precision":-1,"aggregation":{"type":"AVG"},"type":"NUMERIC","name":"Health","newName":"Health","uniqueColumnId":"ffMultipleColumnDrop-1522354302988-9585292496828611"},"format":"1234"}],"position":"left","manualTitle":false,"title":"","format":"Auto","scaleType":"linear","colorizeAxisTitle":false,"colorizeAxisAndLabels":false,"dataRange":{"from":{"value":"0"},"to":{"value":"100"},"dynamicallyAdapt":false}},{"valueAxes":[],"position":"right","manualTitle":false,"title":"","format":"Auto","scaleType":"linear","colorizeAxisTitle":false,"colorizeAxisAndLabels":false,"dataRange":{"from":{"value":""},"to":{"value":""},"dynamicallyAdapt":true}}],"furtherColumns":[],"coloringConfiguration":{"backgroundColoring":{"thresholdCfg":{"backgroundStyleType":"steps","thresholdList":[{"colour":"#F56B6C","rule":"LT","shape":{"id":"traffic_circle"},"value":{"value":"25"},"thresholdId":"threshold-1522354286543-3289735395842148"},{"colour":"#F8E759","rule":"LT","shape":{"id":"traffic_circle"},"value":{"value":"50"},"thresholdId":"threshold-1522354286543-2628330463554345"},{"colour":"#8CC653","rule":"GTEQ","shape":{"id":"traffic_circle"},"value":{"value":"50"},"thresholdId":"threshold-1522354286543-8718671749247238"}],"isStatic":true},"ratingCfg":{"ratingType":"ABSOLUTE","colorizeAxisLabels":false,"ratingList":[{"colour":"#8CC653","rule":"TOP","ruleValue":{},"ratingValue":{}}],"others":{"colour":"#CCCCCC","ratingValue":{}}}},"graphicColoring":{"thresholdCfg":{"colorizeAxisLabels":false,"thresholdList":[{"colour":"#F56B6C","rule":"LT","shape":{"id":"traffic_circle"},"value":{}},{"colour":"#F8E759","rule":"LT","shape":{"id":"traffic_circle"},"value":{}},{"colour":"#8CC653","rule":"GTEQ","shape":{"id":"traffic_circle"},"value":{}}]},"ratingCfg":{"ratingType":"ABSOLUTE","colorizeAxisLabels":false,"ratingList":[{"colour":"#8CC653","rule":"TOP","ruleValue":{},"ratingValue":{},"ratingEntryId":"ratingEntry-1522354286553-2264673140944532"}],"others":{"colour":"#CCCCCC","ratingValue":{}}}}},"xAxisConfiguration":{"manualTitle":false,"title":"","format":"Auto","dataRange":{"from":{"value":""},"to":{"value":""},"dynamicallyAdapt":true}},"categoryAxis":{"column":{"round":true,"precision":-1,"aggregation":{"type":"AVG"},"name":"EventTime","newName":"EventTime","type":"DATE"},"title":"EventTime","format":"yyyy-MM-dd'T'HH:mm:ss","axisLabelFormat":"Auto","sortOrder":"ascending"},"partition":{"column":{"round":true,"precision":-1,"aggregation":{"type":"AVG"},"name":"Id","newName":"Id","type":"TEXT"},"title":"Id","sortOrder":"ascending","sortBy":"Id"}},"chartProperties":{"properties":{"lineType":"linear","dataPointTypes":"large","interpolate":false,"rotateAxisLabels":false,"useTimeAxis":true,"legendPosition":"right"}}},"gridsterConfig":{"sizeX":2,"sizeY":2},"widgetInterface":{},"paused":false},"position":[592,510],"width":360,"height":262,"minHeight":100,"minWidth":60,"zIndex":4,"calculationDefinitionContainer":{"calculationResultColumns":[{"name":"EventKind","type":"TEXT","idx":0},{"name":"EventTime","type":"DATE","idx":1},{"name":"Id","type":"TEXT","idx":2},{"name":"Name","type":"TEXT","idx":3},{"name":"Health","type":"NUMERIC","idx":4},{"name":"Account","type":"TEXT","idx":5},{"name":"_guid","type":"TEXT","idx":6},{"name":"_isData","type":"TEXT","idx":7}],"calculationDefinition":{"id":"6aab7316-677a-400f-a61b-3f01fc201ca35-CD","operators":[{"position":[100,100],"type":"rtbsConnectorOperator","id":"1522354060267","refreshInterval":1,"refreshIntervalScale":"SECOND","columnInfos":[{"type":"TEXT","originalName":"EventKind","idx":0,"originalDataType":"TEXT","guessType":true},{"type":"DATE","originalName":"EventTime","idx":1,"originalDataType":"DATE","guessType":true},{"type":"TEXT","originalName":"Id","idx":2,"originalDataType":"TEXT","guessType":true},{"type":"TEXT","originalName":"Name","idx":3,"originalDataType":"TEXT","guessType":true},{"type":"NUMERIC","originalName":"Health","idx":4,"originalDataType":"NUMERIC","guessType":true},{"type":"TEXT","originalName":"Account","idx":5,"originalDataType":"TEXT","guessType":true},{"type":"TEXT","originalName":"_guid","idx":6,"originalDataType":"TEXT","guessType":true},{"type":"TEXT","originalName":"_isData","idx":7,"originalDataType":"TEXT","guessType":true}],"unusedColumnInfos":[],"rtbsSourceAlias":"ThingEvents","resourceLocationType":"URL"}],"outputOperator":{"position":[100,100],"type":"shiftDateOperator","id":"1522752108423","inputOperatorId":"1522354060267","columns":[{"name":"EventKind","type":"TEXT","idx":0},{"name":"EventTime","type":"DATE","idx":1},{"name":"Id","type":"TEXT","idx":2},{"name":"Name","type":"TEXT","idx":3},{"name":"Health","type":"NUMERIC","idx":4},{"name":"Account","type":"TEXT","idx":5},{"name":"_guid","type":"TEXT","idx":6},{"name":"_isData","type":"TEXT","idx":7}],"shiftUnit":"HOUR","shiftAmount":{"value":"2","type":"NUMERIC","idx":0},"shiftDirection":"PLUS","targetColumnName":"EventTime","sourceColumnName":"EventTime"}},"calculationMetaInfo":{"guid":"6aab7316-677a-400f-a61b-3f01fc201ca35-CD","name":1522354060268,"type":"FEED"},"calculationInputs":[]},"filter":{"columnfilterlist":[{"column":"Id","type":"TEXT","operator":"AND","filterpolicy":"PASS","conditionlist":[{"operator":"STRING_EQ","emptyvaluecomplied":true,"widgetcoordinate":{"component":"2","col":"Id","feedinputid":1}}]}],"inputlist":[]}},{"identifier":"6","extIdentifier":"component6","itemType":"gauge","globalWidgetMap":{},"title":"Health-o-Meter","config":{"gridsterConfig":{"sizeX":2,"sizeY":2},"widgetInterface":{},"gaugeChartCfg":{"gaugeProperties":{"clipWidth":211,"clipHeight":240,"showScaleTicks":true,"showScaleValues":false,"showKpiName":true,"showKpiValue":true,"showLevelMeter":false,"thresholds":[{"colour":"#F56B6C","rule":"LT","shape":{"id":"traffic_circle"},"value":{"value":"25"},"thresholdId":"threshold-1522354396809-9125758281471993"},{"colour":"#F8E759","rule":"LT","shape":{"id":"traffic_circle"},"value":{"value":"50"},"thresholdId":"threshold-1522354396809-30355778925591226"},{"colour":"#8CC653","rule":"GTEQ","shape":{"id":"traffic_circle"},"value":{"value":"50"},"thresholdId":"threshold-1522354396809-029811502211445573"}],"showThresholds":true,"showThresholdLabels":false,"minValue":{"value":"0"},"maxValue":{"value":"100"},"isResizable":false,"showPercentage":false,"kpiName":"Ave. Health"},"dataColumn":{"name":"Health","type":"NUMERIC","newName":"Ave. Health","aggregation":"AVG","format":"1234","round":true}}},"position":[1369,534],"width":360,"height":262,"minHeight":60,"minWidth":60,"zIndex":5,"calculationDefinitionContainer":{"calculationResultColumns":[{"name":"EventKind","type":"TEXT","idx":0},{"name":"EventTime","type":"DATE","idx":1},{"name":"Id","type":"TEXT","idx":2},{"name":"Name","type":"TEXT","idx":3},{"name":"Health","type":"NUMERIC","idx":4},{"name":"Account","type":"TEXT","idx":5},{"name":"_guid","type":"TEXT","idx":6},{"name":"_isData","type":"TEXT","idx":7}],"calculationDefinition":{"id":"6aab7316-677a-400f-a61b-3f01fc201ca36-CD","operators":[],"outputOperator":{"position":[100,100],"type":"rtbsConnectorOperator","id":"1522354061432","refreshInterval":1,"refreshIntervalScale":"SECOND","columnInfos":[{"type":"TEXT","originalName":"EventKind","idx":0,"originalDataType":"TEXT","guessType":true},{"type":"DATE","originalName":"EventTime","idx":1,"originalDataType":"DATE","guessType":true},{"type":"TEXT","originalName":"Id","idx":2,"originalDataType":"TEXT","guessType":true},{"type":"TEXT","originalName":"Name","idx":3,"originalDataType":"TEXT","guessType":true},{"type":"NUMERIC","originalName":"Health","idx":4,"originalDataType":"NUMERIC","guessType":true},{"type":"TEXT","originalName":"Account","idx":5,"originalDataType":"TEXT","guessType":true},{"type":"TEXT","originalName":"_guid","idx":6,"originalDataType":"TEXT","guessType":true},{"type":"TEXT","originalName":"_isData","idx":7,"originalDataType":"TEXT","guessType":true}],"unusedColumnInfos":[],"rtbsSourceAlias":"ThingEvents","resourceLocationType":"URL"}},"calculationMetaInfo":{"guid":"6aab7316-677a-400f-a61b-3f01fc201ca36-CD","name":1522354061433,"type":"FEED"},"calculationInputs":[]},"filter":{"columnfilterlist":[{"column":"Id","type":"TEXT","operator":"AND","filterpolicy":"PASS","conditionlist":[{"operator":"STRING_EQ","emptyvaluecomplied":true,"widgetcoordinate":{"component":"2","col":"Id","feedinputid":1}}]}],"inputlist":[]}},{"identifier":"7","extIdentifier":"component7","itemType":"prestoGrid","globalWidgetMap":{},"title":"All Events","config":{"gridsterConfig":{"sizeX":2,"sizeY":2},"widgetInterface":{},"prestoGridCfg":{"shrinkToFit":true,"columns":[{"name":"Time","type":"DATE","uniqueColumnId":"ffMultipleColumnDrop-1522686808878-44847050560198576","aggregation":"AVG","newName":"EventTime","baseTextAlign":"left","format":"MMM dd h:mm:ss a","baseFontStyle":"normal","baseFontSize":"12","baseFontColour":"555555","styleTemplate":{"value":"cell-default","text":"Standard"},"headerStyleTemplate":{"value":"header-default","text":"Standard"},"currentTab":"text","width":182},{"name":"EventKind","type":"TEXT","uniqueColumnId":"ffMultipleColumnDrop-1522355050087-48888511339574037","aggregation":"AVG","newName":"EventKind","baseTextAlign":"left","baseFontStyle":"normal","baseFontSize":"12","baseFontColour":"555555","styleTemplate":{"value":"cell-default","text":"Standard"},"headerStyleTemplate":{"value":"header-default","text":"Standard"},"currentTab":"text","thresholds":{"selectedThresholdObjKey":"backgroundThresholds"},"width":81},{"name":"Health","type":"NUMERIC","uniqueColumnId":"ffMultipleColumnDrop-1522354764036-12201724608011999","aggregation":"NOAGGREGATION","newName":"Health","baseTextAlign":"right","format":"1234","round":true,"baseFontStyle":"normal","baseFontSize":"12","baseFontColour":"555555","styleTemplate":{"value":"cell-default","text":"Standard"},"headerStyleTemplate":{"value":"header-default","text":"Standard"},"currentTab":"thresholds","thresholds":{"selectedThresholdObjKey":"backgroundThresholds","backgroundThresholds":{"visualizationType":"COLORING","thresholdList":[{"colour":"#F56B6C","rule":"LT","shape":{"id":"traffic_circle"},"value":{"value":"25"},"thresholdId":"threshold-1522354764257-6984078329984086"},{"colour":"#F8E759","rule":"LT","shape":{"id":"traffic_circle"},"value":{"value":"50"},"thresholdId":"threshold-1522354764257-8587336448195683"},{"colour":"#8CC653","rule":"GTEQ","shape":{"id":"traffic_circle"},"value":{"value":"50"},"thresholdId":"threshold-1522354764257-8672178317933782"}],"coloringProperties":{"type":"BACKGROUND"}}},"width":76}],"furtherColumns":[],"initialSort":[{"colId":"EventTime","sort":"asc"}]},"autoRefresh":true},"position":[569,211],"width":360,"height":262,"minHeight":60,"minWidth":60,"zIndex":6,"calculationDefinitionContainer":{"calculationResultColumns":[{"name":"Account","type":"TEXT","idx":0},{"name":"EventKind","type":"TEXT","idx":1},{"name":"EventTime","type":"TEXT","idx":2},{"name":"Health","type":"NUMERIC","idx":3},{"name":"Id","type":"TEXT","idx":4},{"name":"Name","type":"TEXT","idx":5},{"name":"Time","type":"DATE","idx":6}],"calculationDefinition":{"id":"6aab7316-677a-400f-a61b-3f01fc201ca37-CD","operators":[{"position":[100,100],"type":"userInputOperator","id":"1522354062445","dataType":"TEXT","name":"Id","debugValue":{"value":"24515","type":"text"}},{"position":[100,100],"type":"jsonConnectorOperator","id":"1522681433585","refreshInterval":15,"refreshIntervalScale":"SECOND","columnInfos":[{"type":"TEXT","originalName":"Account","idx":0,"originalDataType":"TEXT","guessType":true},{"type":"TEXT","originalName":"EventKind","idx":1,"originalDataType":"TEXT","guessType":true},{"type":"TEXT","originalName":"EventTime","idx":2,"originalDataType":"TEXT","guessType":true},{"type":"NUMERIC","originalName":"Health","idx":3,"originalDataType":"NUMERIC","guessType":true},{"type":"TEXT","originalName":"Id","idx":4,"originalDataType":"TEXT","guessType":true},{"type":"TEXT","originalName":"Name","idx":5,"originalDataType":"TEXT","guessType":true},{"type":"NUMERIC","originalName":"Time","idx":6,"originalDataType":"NUMERIC","guessType":true}],"unusedColumnInfos":[],"encodeURL":false,"repeatingElement":"?Events?*","columnConfig":"Account text locator='?Account',\nEventKind text locator='?EventKind',\nEventTime text locator='?EventTime',\nHealth number locator='?Health',\nId text locator='?Id',\nName text locator='?Name',\nTime number locator='?Time'","unusedColumnConfig":"","resourceLocationType":"REST","userName":"Administrator","password":"encrypted:IJ/wPagQtQFBZF7VQQnIhzvIzFT/JQ300d9dNRqCsuU=","dynurl":{"idx":"-1","type":"TEXT","value":"http://localhost:5555/restv2/HelloDBP/events/<user-input id=\"1522354062445\"></user-input>"},"httpHeaders":[{"name":"Accept","value":"application/json"}],"emmlCompatibleParsing":"false","charSet":""},{"position":[100,100],"type":"changeColumnTypeOperator","id":"1522681435362","inputOperatorId":"1522681433585","columns":[{"name":"Account","type":"TEXT","idx":0},{"name":"EventKind","type":"TEXT","idx":1},{"name":"EventTime","type":"TEXT","idx":2},{"name":"Health","type":"NUMERIC","idx":3},{"name":"Id","type":"TEXT","idx":4},{"name":"Name","type":"TEXT","idx":5},{"name":"Time","type":"NUMERIC","idx":6}],"changeColumnTypeParams":[{"columnName":"Time","newType":"DATE","pattern":"1234","trailingZeros":0}]}],"outputOperator":{"position":[100,100],"type":"shiftDateOperator","id":"1523356032564","inputOperatorId":"1522681435362","columns":[{"name":"Account","type":"TEXT","idx":0},{"name":"EventKind","type":"TEXT","idx":1},{"name":"EventTime","type":"TEXT","idx":2},{"name":"Health","type":"NUMERIC","idx":3},{"name":"Id","type":"TEXT","idx":4},{"name":"Name","type":"TEXT","idx":5},{"name":"Time","type":"DATE","idx":6}],"shiftUnit":"HOUR","shiftAmount":{"value":"6","type":"NUMERIC","idx":0},"shiftDirection":"PLUS","targetColumnName":"Time","sourceColumnName":"Time"}},"calculationMetaInfo":{"guid":"6aab7316-677a-400f-a61b-3f01fc201ca37-CD","name":1522681433724,"type":"FEED"},"calculationInputs":[{"guid":"1522354062445","name":"Id","type":"TEXT"}]},"filter":{"columnfilterlist":[],"inputlist":[{"name":"Id","type":"TEXT","id":"1522354062445","widgetcoordinate":{"component":"2","col":"Id","feedinputid":"1522354062445"}}]}},{"identifier":"8","extIdentifier":"component8","itemType":"prestoGrid","globalWidgetMap":{},"title":"Recent Alerts","config":{"gridsterConfig":{"sizeX":2,"sizeY":2},"widgetInterface":{},"prestoGridCfg":{"shrinkToFit":true,"columns":[{"name":"Id","type":"TEXT","uniqueColumnId":"ffMultipleColumnDrop-1522354908194-18723928440810678","aggregation":"AVG","newName":"Id","baseTextAlign":"left","baseFontStyle":"normal","baseFontSize":"12","baseFontColour":"555555","styleTemplate":{"value":"cell-default","text":"Standard"},"headerStyleTemplate":{"value":"header-default","text":"Standard"},"currentTab":"text","thresholds":{"selectedThresholdObjKey":"backgroundThresholds"}},{"name":"Time","type":"DATE","uniqueColumnId":"ffMultipleColumnDrop-1522354903738-31176277650711703","aggregation":"AVG","newName":"Time","baseTextAlign":"left","format":"yyyy-MM-dd'T'HH:mm:ss","baseFontStyle":"normal","baseFontSize":"12","baseFontColour":"555555","styleTemplate":{"value":"cell-default","text":"Standard"},"headerStyleTemplate":{"value":"header-default","text":"Standard"},"currentTab":"text"},{"name":"Alert","type":"TEXT","uniqueColumnId":"ffMultipleColumnDrop-1522354905681-8762642676868303","aggregation":"AVG","newName":"Alert","baseTextAlign":"left","baseFontStyle":"normal","baseFontSize":"12","baseFontColour":"555555","styleTemplate":{"value":"cell-default","text":"Standard"},"headerStyleTemplate":{"value":"header-default","text":"Standard"},"currentTab":"text","thresholds":{"selectedThresholdObjKey":"backgroundThresholds"}}],"furtherColumns":[]}},"position":[1095,201],"width":360,"height":262,"minHeight":60,"minWidth":60,"zIndex":7,"calculationDefinitionContainer":{"calculationResultColumns":[{"name":"Id","type":"TEXT","idx":0},{"name":"Alert","type":"TEXT","idx":1},{"name":"Time","type":"DATE","idx":2},{"name":"Severity","type":"TEXT","idx":3},{"name":"_guid","type":"TEXT","idx":4},{"name":"_isData","type":"TEXT","idx":5}],"calculationDefinition":{"id":"6aab7316-677a-400f-a61b-3f01fc201ca38-CD","operators":[{"position":[100,100],"type":"rtbsConnectorOperator","id":"1522354063281","refreshInterval":1,"refreshIntervalScale":"SECOND","columnInfos":[{"type":"TEXT","originalName":"Id","idx":0,"originalDataType":"TEXT","guessType":true},{"type":"TEXT","originalName":"Alert","idx":1,"originalDataType":"TEXT","guessType":true},{"type":"DATE","originalName":"Time","idx":2,"originalDataType":"DATE","guessType":true},{"type":"TEXT","originalName":"Severity","idx":3,"originalDataType":"TEXT","guessType":true},{"type":"TEXT","originalName":"_guid","idx":4,"originalDataType":"TEXT","guessType":true},{"type":"TEXT","originalName":"_isData","idx":5,"originalDataType":"TEXT","guessType":true}],"unusedColumnInfos":[],"rtbsSourceAlias":"ThingAlerts","resourceLocationType":"URL"}],"outputOperator":{"position":[100,100],"type":"shiftDateOperator","id":"1523356032830","inputOperatorId":"1522354063281","columns":[{"name":"Id","type":"TEXT","idx":0},{"name":"Alert","type":"TEXT","idx":1},{"name":"Time","type":"DATE","idx":2},{"name":"Severity","type":"TEXT","idx":3},{"name":"_guid","type":"TEXT","idx":4},{"name":"_isData","type":"TEXT","idx":5}],"shiftUnit":"HOUR","shiftAmount":{"value":"2","type":"NUMERIC","idx":0},"shiftDirection":"PLUS","targetColumnName":"Time","sourceColumnName":"Time"}},"calculationMetaInfo":{"guid":"6aab7316-677a-400f-a61b-3f01fc201ca38-CD","name":1522354063282,"type":"FEED"},"calculationInputs":[]},"filter":{"columnfilterlist":[{"column":"Id","type":"TEXT","operator":"AND","filterpolicy":"PASS","conditionlist":[{"operator":"STRING_EQ","emptyvaluecomplied":true,"widgetcoordinate":{"component":"2","col":"Id","feedinputid":1}}]}],"inputlist":[]}}],"gridConfig":{"rows":[{"rowHeight":"100px","columns":[{"class":[1,4,6],"isEmpty":true},{"class":[1,4,6],"isEmpty":true},{"class":[7,12,12],"widgetId":"3"},{"class":[1,4,6],"isEmpty":true},{"class":[1,4,6],"isEmpty":true},{"class":[1,4,6],"isEmpty":true}],"doNotBreak":false},{"rowHeight":"100%","columns":[{"class":[4,4,12],"widgetId":"2"},{"class":[8,8,12],"widgetId":"4","rows":[{"rowHeight":"50%","columns":[{"class":[6,6,6],"widgetId":"7"},{"class":[6,6,6],"widgetId":"8"}],"doNotBreak":true},{"rowHeight":"50%","columns":[{"class":[9,9,9],"widgetId":"5"},{"class":[3,3,3],"widgetId":"6"}],"doNotBreak":true}]}],"doNotBreak":false}]},"cardUrlParams":"&tab=tab1"}]}